{
  "controller/BaseController.js": 1621472940560,
  "controller/Relatorio.controller.js": 1621450916460,
  "model/models.js": 1621402675036,
  "controller/Teste.controller.js": 1621450921956,
  "manifest.json": 1621477495241,
  "controller/Menu.controller.js": 1621450909612,
  "controller/Listar.controller.js": 1621475421485,
  "controller/Gerenciar.controller.js": 1621475498029,
  "i18n/i18n.properties": 1621399867063,
  "controller/App.controller.js": 1621444763660,
  "Component.js": 1621447196346,
  "manifest-bundle.zip": 1621477495028,
  "Component-preload.js": 1621477495197,
  "Component-dbg.js": 1621447196346,
  "controller/Teste-dbg.controller.js": 1621450921956,
  "controller/Relatorio-dbg.controller.js": 1621450916460,
  "controller/Menu-dbg.controller.js": 1621450909612,
  "controller/Listar-dbg.controller.js": 1621475421485,
  "controller/Gerenciar-dbg.controller.js": 1621475498029,
  "controller/BaseController-dbg.js": 1621472940560,
  "controller/App-dbg.controller.js": 1621444763660,
  "model/models-dbg.js": 1621402675036,
  "resources.json": 1621477495244,
  "view/Teste.view.xml": 1621452121157,
  "view/Relatorio.view.xml": 1621452121145,
  "view/Menu.view.xml": 1621452121145,
  "view/Listar.view.xml": 1621475906431,
  "view/Gerenciar.view.xml": 1621468322430,
  "view/App.view.xml": 1621444763656,
  "images/logo_tr.png": 1621450360425,
  "css/style.css": 1621399867063,
  "index.html": 1621444763664
}